tel,name,address
 15995791899 ,龙瀚投资管理,"苏州,电话："
 18762897604 ,禄海宁投资,"苏州,电话："
 18362600466 ,苏州蓝海财行非融资性担保有限公司,电话：
 13962118551 ,苏州锋鑫投资担保,"苏州吴中区吴中大厦,电话："
 15950175209 ,紫金普惠金融有限公司,"昆山市伟业路现代广场B座2108室,电话："
 15371872003 ,苏州飞特投资管理有限公司,"苏州南门汽车站对面、汇邻广场商务中心508室,电话："
 18913243644 ,苏州团贷普惠非融资性担保有限公司,"昆山,电话："
 18100670123 ,苏州九凡投资管理有限公司,"苏州,电话："
 17701552963 ,苏州市英平投资咨询服务有限公司,"开平路789号金城大厦10楼,电话："
 13501976006 ,海鸿浩融资租赁,"云桥路118号同城浦江大厦1号楼,电话："
 13913186062 ,苏州双华投资,"苏州吴中区东吴北路299吴中大厦,电话："
 15995767771 ,扬诚投资,"苏州,电话："
 18251151211 ,万邦投资,"苏州,电话："
 17315264242 ,安徽天宇资产管理有限公司,"苏州,电话："
 15306239888 ,江苏聚鼎资产管理有限公司,"苏州吴中区吴中商城,电话："
 13328059113 ,南京市鼓楼区定乾投资信息咨询中心,"苏州市绿宝广场436号,电话："
 13182614510 ,卓越投资,"苏州,电话："
 15209827787 ,本博投资,"全国范围均可办理,电话："
 15895639562 ,大展投资管理有限公司,"昆山,电话："
 18013090857 ,苏州微汇金融信息服务有限公司,"苏州工业园区华池街晋合广场,电话："
 18112609141 ,苏州鼎泰投资,"东吴北路299号吴中大厦910室,电话："
 18625037985 ,效力投资,"昆山市玉山镇老城区,电话："
 18020206161 ,苏州金鑫海非融资性担保有限公司,"昆山,电话："
 15006132888 ,盛世宏业投资,"苏州吴中科技金融服务中心东创科技园B2幢507,电话："
 17721329567 ,苏州快马投资,"苏州全苏州各区服务,电话："
 13282035681 ,弘马资产管理,"苏州,电话："
 18360955678 ,广聚投资担保有限公司,"江苏省苏州市昆山市前进东路291号,电话："
 15850284915 ,南京好运来投资管理有限公司,"苏州,电话："
 13915523088 ,苏州华兰贝格投资管理,"园区苏华路8号中银惠龙大厦27F,电话："
 15206206008 ,苏州维顺投资咨询有限公司,"苏州,电话："
 15152426323 ,苏州快融投资管理有限公司,"苏州,电话："
 13771703884 ,江苏融行智非融资性担保有限公司,"苏州,电话："
 15365355684 ,裕航商务服务,"吴江市盛泽镇郎中社区服务中心对面,电话："
 15195600844 ,宜信贷款,"苏州狮山路百合花公寓7幢602室,电话："
 13771862714 ,鑫利园房产投资,"昆山苏州吴江连锁放款,电话："
 18036117288 ,信和汇金信息咨询（北京）有限公司昆山分公司,"江苏省苏州市昆山市前进中路216号,电话："
 1586-2373723 ,汇丰投资管理有限公司,"苏州吴中区新苏国际,电话："
 17768414444 ,金新诚财富管理（苏州）有限公司,"苏州,电话："
 15850015206 ,苏州融道非融资性担保有限公司,"狮山路28号高新广场501室,电话："
 18605125717 ,中融投资,"苏州高新区高新广场,电话："
 13063708355 ,苏州傲信投资管理有限公司,"苏州长江路与何山路交汇处,电话："
 18550406063 ,缘天贷款,"苏州工业园区南施街领汇广场18楼,电话："
 15298649999 ,苏州威必思企业管理有限公司,"苏州市吴中区东方大道好得家装饰城,电话："
 18267690072 ,鼎好投资,"台州市市区中心服务全台州,电话："
 18115684686 ,圣博投资,"苏州高新区润捷广场17楼1701,电话："
 15262377945 ,苏州牛信投资管理有限公司,"苏州东盛步行街中心广场1号楼529,电话："
 15214304093 ,上海甘南实业,"上海市浦东新区富特北路402号,电话："
 15370075859 ,大宏投资,"江苏省范围均可办理,电话："
 0512-69153281 ,江苏诚建投资担保,"苏州姑苏区苏州南门汽车站对面汇邻广场商务中心11楼1123,电话："
 13913578123 ,鑫博汇投资咨询,"昆山,电话："
 15151610531 ,江苏裕财投资咨询有限公司,"伟业路18号现代广场A座1408,电话："
 18912676714 ,富诺投资,"苏州,电话："
 15150115058 ,金地汇投资咨询,"服务苏州各个区域,电话："
 17714092009 ,双利投资咨询,"苏州,电话："
 18796892398 ,太仓昆山阳光易贷有限公司,"太仓长春北路35号,电话："
 18136968163 ,德志投资,"苏州,电话："
 13382127333 ,苏州杰海资产管理有限公司,"苏州昆山市前进西路300号中茵世贸广场写字楼511,电话："
 15962296797 ,秋商投资,"太仓城厢镇,电话："
 15306201212 ,苏州阳企巴巴投资管理有限公司,"苏州市吴中区吴中东路175号天域大厦,电话："
 15850138284 ,中安信业投资贷款,"苏州高新区金河国际大厦805,电话："
 15050190065 ,苏州东吴投资,"苏州吴中区吴中人民医院对面新苏国际广场,电话："
 13913561393 ,昆山银启元网络信息咨询有限公司,"苏州昆山市玉山镇伟业路8号现代广场B座2411室,电话："
 13862639826 ,昆山千顺投资管理有限公司,"昆山马鞍山西路1875号,电话："
 17798599888 ,轶祥融资租赁有限公司,"苏州市木渎镇惠润国际2109室,电话："
 13962118551 ,苏州鼎峰投资,"苏州吴中大厦709室,电话："
 15950189162 ,昆山市荣诚投资咨询管理有限公司,"黄河路合兴路555号,电话："
 15862638672 ,兴农融资担保公司,"昆山,电话："
 18550461201 ,上海证大投资咨询有限公司苏州通园路分公司,"苏州,电话："
 18501597306 ,友众信业金融,"加城大厦8楼4D,电话："
 13506137572 ,宜信普惠信息咨询(北京)有限公司苏州分公司,"苏州高新区高新广场,电话："
 13771950551 ,苏州点赞汽车贸易有限公司,"苏州木渎长三角二手市场,电话："
 18550107377 ,苏州信泰富,"苏州平江区人民路3188号万达广场B座18楼,电话："
 15306135000 ,维信融资租赁（苏州）有限公司,"苏州市工业园区湖东晋合广场2座1006室,电话："
 18672898259 ,海塔投资咨询,"苏州,电话："
 18115502444 ,苏州凯翔投资,"苏州新区大润发附近,电话："
 15151415565 ,苏州金地汇商贸,"苏州相城元和凯翔广场,电话："
 15250040343 ,苏州融信汇金,"苏州,电话："
 15906256880 ,江阴市宝融投资咨询有限公司,"无抵押贷款服务全台州,电话："
 15921059392 ,银慧丰投资管理,"苏州昆山市玉山镇利得国际1204,电话："
 18261002232 ,昆山奥鑫科投资咨询有限公司,"昆山,电话："
 13913567401 ,帛易投资管理,"昆山常熟太仓张家港均匀分部,电话："
 15962284666 ,苏州国瑞投资,"昆山,电话："
 13390887887 ,苏州北城世居不动产投资咨询有限公司,"江苏苏州平江观前干将东路666号和基广场506室,电话："
 13358054337 ,苏州佳腾投资管理有限公司,"昆山市开发区群益公寓16号楼7B店,电话："
 18626215888 ,江苏金雅当投资有限公司,"苏州宝带西路世茂生活广场,电话："
 18112577699 ,苏州赢正投资管理有限公司,"苏州常熟张家港昆山,电话："
 18762897471 ,邦尼投资,"苏州,电话："
 15190061190 ,杭州众利合融投资咨询有限公司,"苏州市高新区马云路252号,电话："
 13145075888 ,苏州邦诚投资,"工业园区扬东路277号晶汇大厦1508室,电话："
 15150459280 ,苏州全广投资管理有限公司,"苏州园区圆融时代广场,电话："
 13218183757 ,融江担保,"苏州,电话："
 15151697885 ,邦茂投资咨询,"苏州,电话："
 18362787971 ,寅尚投资,"苏州,电话："
 李经理-15862373-723 ,苏州成金投资咨询有限公司,"苏州吴中区东吴北路新苏国际广场,电话："
 13382107285 ,聚源投资,"苏州东吴北路181号,电话："
 13814554880 ,苏州双威投资咨询有限公司,"昆山市柏庐中路88号二楼双威投资,电话："
 18550087122 ,鼎力石磊投资,"苏州,电话："
 0512-68832799 ,苏州久丰投资管理有限公司,"苏州市人民路3188号万达广场C座1210A,电话："
 151-5014-7722 ,苏州金达投资,"苏州东环，服务全苏州,电话："
 13816219911 ,兴代投资管理有限公司,"上海普陀华池路58弄,电话："
 18550102511 ,天玑财讯投资,"高新区华福大厦10楼,电话："
 13020199951 ,旭赫投资咨询,"上海普陀新村路423弄,电话："
 18662193668 ,苏州中茵投资担保有限公司,"苏州,电话："
 15851483275 ,苏州后河非融资性担保有限公司,"苏州市高新区狮山路高新广场,电话："
 13915413560 ,润海投资苏州分部,"苏州,电话："
 18914011137 ,安置居房产信息咨询服务部,电话：
 18562576699 ,青岛广源贷款,"青岛市市北区山东路42号,电话："
 13405058420 ,云海,"苏州工业园区联丰广场附近,电话："
 13861309997 ,上海太有乾投资管理发展有限公司苏州分公司,"苏州,电话："
 15501581446 ,苏州金钱豹建筑装饰工程有限公司,电话：
 13812965642 ,服装批发,电话：
 15905161114 ,中煜国资证券投资咨询有限公司,"南京市,电话："
 13093828060 ,武汉市洪山区沸腾牛火锅店,电话：
 13390833726 ,友众信业金融信息服务（上海）有限公司苏州锦翎分公司,电话：
 18724032235 ,跳跳熊,"阊胥路454号金盈大厦705室,电话："
 18012980878 ,南京胜沃投资贷款管理有限公司,"南京,电话："
 13656267557 ,昆山尚扬畅汇投资管理有限公司,"昆山,电话："
 13690027933 ,汇生鲜水产,电话：
 13771862714 ,金利元投资,"昆山苏州吴江连锁放款,电话："
 18662255545 ,苏州天邦投资有限公司,"昆山市长江路177号新都银座,电话："
 15189801825 ,南京市浦口区乐味多快餐店,"南京市玄武区德基广场16楼,电话："
 15221166921 ,鸿浦信息,电话：
 18112728555 ,苏州市吴中区龙翔汽车驾驶员培训有限公司,"苏州8家分校直招,电话："
 15722925897 ,南京市栖霞区徐家万装饰材料经营部,电话：
 18621509091 ,苏州胡子投资管理有限公司,"苏州市相城区聚元街551号,电话："
 18015422851 ,安置居房产,电话：
 13771862714 ,昆山鑫利园房产投资咨询有限公司,电话：
 15718862029 ,广州博斯绅威商贸有限公司,"广州56895689,电话："
 18918088512 ,上海常年投资咨询有限公司,"浦东新区张杨路2859号近德平路,电话："
 13077392502 ,北京信诚时代投资管理有限公司,电话：
 15062573621 ,制造销售,"東张威马逊足浴會所,电话："
 15161480726 ,奥吉兰莉针织品店,电话：
 13901241427 ,隆豪财富（北京）投资咨询有限公司,"北京市西城区广安门,电话："
 13002529502 ,雄瀚投资,电话：
 13918898489 ,上海戴思投资咨询有限公司,"金融大大厦9层909,电话："
 15692171895 ,中信建投期货,电话：
 13816947713 ,中信建投期货,"世纪大道1589号长泰国际金融大厦8楼,电话："
 13584827292 ,苏州旭赫投资咨询,"苏州沧浪区解放西路,电话："
 13401426059 ,苏州融汇通投资有限公司,"苏州金阊干将西路515号,电话："
 15962358284 ,张家港亿鑫金融信息咨询有限公司,"张家港市港城大道156号市公安局向南100米,电话："
 15158049778 ,杭州泰来投资有限公司,"杭州西湖区庆春路235号西湖国贸中心3楼320室,电话："
 18625056521 ,苏州鼎宏投资管理有限公司,"昆山,电话："
 15896459593 ,海通投资管理有限公司,"南京市鼓楼区华侨路37号春风大厦,电话："
 18013835689 ,南京金客来投资管理有限公司,"南京市,电话："
 18936139597 ,盛泽扬天电脑科技,"吴江市盛泽镇西二环往西200米财富中心西门旁盛泽扬天电脑店,电话："
 13824303687 ,芜湖市近山环保水泥有限公司,电话：
 13128924342 ,永嘉县贝贝园游乐设备有限公司,电话：
 18013307969 ,良宇置业,电话：
 13912949290 ,南京守道资产管理有限公司,"南京市,电话："
 18569032435 ,开心贷金融信息服务有限公司,"湖南省长沙市雨花区黑梨路,电话："
 17701745678 ,定乾投资,"苏州,电话："
 17081600709 ,深圳市至爱电子商务有限公司,"苏州吴中区天城大厦1107,电话："
 18688301611 ,武汉册利锦电子有限公司,"北京通州大厦36号,电话："
 13611961098 ,四联投资,电话：
 18018123637 ,苏州州瓦力商务信息咨询有限公司,"吴中区金枫路216号东创科技园B3栋802,电话："
 15151773967 ,友信,"苏州高新区狮山路88号金河国际中心615室,电话："
 18260228098 ,投资管理,"苏州昆山前进中路国际大厦11楼,电话："
 13914052405 ,苏州宝典财务服务有限公司,"苏州工业园区唯正路11号1幢935,电话："
 13928485213 ,雅美汇电子商务,电话：
 18254223333 ,青岛宝泰隆投资咨询有限公司,"青岛市市北区山东路42号,电话："
 18551845551 ,南京新天地小额贷款公司,"南京新街口友谊大厦,电话："
 13295148317 ,锦研科技,电话：
 13986866263 ,昆山市玉山镇合韵唐足浴店,"江苏省苏州市昆山市开发区樾城路188号开发区,电话："
 15825727245 ,快帮投资,"江苏省各地均有分公司,电话："
 18068836785 ,江苏小耳朵金融信息服务有限公司,电话：
 15674830160 ,兴英科技有限公司,电话：
 13236522009 ,南京耀郝迪贸易有限公司,"南京市,电话："
 15105195773 ,新东晋投资,"江苏省各地均有分公司,电话："
 13611560120 ,南京信义投资管理有限公司,"南京市鼓楼区汉中路汉中门鸿运大厦1008室,电话："
 15209827787 ,浩轩投资,"江苏省皆有分公司,电话："
 13851841451 ,晋浩轩投资,"南京市中山南路317号现代大厦1418室,电话："
 18662573966 ,苏州壹百分财税服务有限公司,"苏州平江区万达广场A座,电话："
 18705170945 ,赣拓投资管理有限公司,"汉中门汉中路185号鸿运大厦10楼1008,电话："
 18651103351 ,起航办公,"苏州张家港国泰时代广场,电话："
 18752089975 ,南京耀郝迪贸易有限公司,"浦口桥北周边地区,电话："
 15050288199 ,昆山市玉山镇齐祥房产中介服务中心,"昆山市玉山镇新城域花园,电话："
 13616908036 ,龙岩市晨兴投资管理有限公司,"龙岩新罗西陂街道,电话："
 13913962074 ,南京市栖霞区徐家万装饰材料经营部,电话：
 13913901742 ,金轩弘投资管理有限公司,"南京,电话："
 18764048578 ,常州博泰铝制品有限公司,电话：
 18550124613 ,德鑫宝胜投资咨询公司,电话：
 18112708070 ,苏州速仕达投资管理有限公司,"苏州工业园区泾茂路289号,电话："
 17715393777 ,宜信普惠信息咨询（北京）有限公司上海中山北路分公司,"上海市普陀区长寿路,电话："
 18262130927 ,作兴投资咨询,"苏州,电话："
 15850158776 ,苏州微赢付信息技术有限公司,"苏州高新区长江路495号建鑫大厦1幢301,电话："
 13203209271 ,翔羽劳务,电话：
 15370356197 ,张家港市杨舍东城鑫众盟商行,电话：
 15221750857 ,汇盈丰小额贷款,电话：
 18351608151 ,财源来投资,"苏州沧浪区东吴北路299号吴中大厦九楼910,电话："
 18020277222 ,永功企业管理,"江苏省苏州市姑苏区人民路3188号(近312国道),电话："
 18860903199 ,苏州鹏跃投资管理有限公司,"苏州,电话："
 17721168787 ,宜信普惠信息咨询（北京）有限公司上海新会路分公司,"上海浦东浦东南路360号,电话："
 15051780719 ,宜信普惠苏州分公司,电话：
 15850076249 ,苏州市同心汽车修理厂,"苏州市相城区齐门北大街93号陆慕汽运公司,电话："
 15062413868 ,鹏鑫投资管理有限公司,"苏州,电话："
 15250549339 ,苏州锦佳房产经纪有限公司,"苏州高新区狮山路,电话："
 13160061070 ,哈尔滨东西科技开发有限公司,电话：
 13515104622 ,南京世源投资管理有限公司,"南京市建邺区兴隆,电话："
 13915564040 ,天才少年,"苏州市桐泾北路218号,电话："
 18115671789 ,苏州华博汽车贸易有限公司,"江苏省苏州市相城区华元路月星环球港3101室,电话："
 18801946432 ,西汉志国际黄金有限公司,"上海浦东新区陆家嘴888号,电话："
 18512547135 ,湖南中海润融电子商务有限公司,"危采枫路487号Z座570室,电话："
 13338002572 ,苏州途盛企业服务有限公司,"苏州金阊区三香路979号,电话："
 15951848297 ,汇拓资产管理有限公司,"南京兴隆大街地铁站二号出口宏普捷座202,电话："
 15195673641 ,苏州和源信商务信息咨询有限公司,"苏州高新区狮山路35号金河国际大厦,电话："
 13813904222 ,南京润之峰投资管理有限公司,"南京市中山东路128号,电话："
 18782910093 ,电子招聘有限公司,"拿赵区拿赵村669号,电话："
 18013131459 ,苏州金银富金融信息服务有限公司,"苏州高新区狮山路199号新地中心,电话："
 15895932619 ,泰州市力托纺织有限公司,电话：
 15295683332 ,苏州宝祺投资管理有限公司,"苏州,电话："
 15962288888 ,苏州双利投资管理有限公司,"苏州市常熟虞山镇,电话："
 13138951608 ,深圳市随园投资有限公司,"随园投资有限公司,电话："
 18305154043 ,财信企业管理咨询有限公司,"南京市,电话："
 13218060511 ,武汉钱贷子金融信息服务有限公司,"徽蹲区恍莆懒路034号,电话："
 13429329898 ,众宝汽修,电话：
 13057507636 ,金华瑞涛投资管理有限公司,电话：
 13401324697 ,友众信业,"狮山路88号金河国际中心615,电话："
 15150626069 ,耀郝迪,电话：
 18061736427 ,苏鹏投资管理有限公司,"南京市玄武区周边,电话："
 13861304398 ,苏州市元达亨投资咨询有限公司,"苏州,电话："
 13140997777 ,苏州新平方投资管理有限公司,"苏州相城区相城大道与华元路路口月星环球港31楼,电话："
 130-7258-4479 ,德诚财富投资管理有限公司,"南京市秦淮区中山南路369号,电话："
 18550405045 ,苏州杰亿森金融服务外包有限公司,电话：
 15106254844 ,痔靥港澳之音KTV商务会所,"鼓轮区鼓轮村715号,电话："
 15005192574 ,昊酷贸易有限公司,电话：
 15270865671 ,蜂鸟投资,电话：
 15150121125 ,深圳市知友电子有限公司,电话：
 13616908036 ,龙岩市晨兴投资管理有限公司,"龙岩新罗西陂街道龙岩大道383号,电话："
 18661023909 ,无锡企优信息技术有限公司苏州分公司,"高新区苏州体育馆对面国际经贸大厦8楼,电话："
 18012651175 ,文启电子,"苏州昆山市城北亿升路68号,电话："
 15249181826 ,龙江广告策划有限公司,电话：
 18575791464 ,风行天下有限公司,电话：
 15952020634 ,南京莎洼迪投资管理有限公司,"南京市建邺区兴隆大街,电话："
 18805150945 ,速率信息咨询有限公司,"南京市汉中门恒鑫大厦,电话："
 13771761765 ,顺达投资,"狮山路28号高新广场,电话："
 18269185332 ,泰浩投资管理,电话：
 13912699288 ,昆山银典非融资性担保有限公司,"昆山,电话："
 18551666078 ,宜信普惠投资担保贷款,"芜湖镜湖新市口外滩三号,电话："
 18664815644 ,华进投资管理,"合肥蜀山长江中路,电话："
 18305154043 ,青浦工合小额贷款股份有限公司,"服务南京各个区域,电话："
 15268851295 ,风行天下有限公司,电话：
 15261810602 ,招财猫金融信息服务股份有限公司,"南京市秦淮区盈嘉大厦,电话："
 18013733958 ,苏州鼎好不动产,"江苏省苏州市吴江区盛泽镇旭景园15幢106号,电话："
 15190111506 ,锐拓互联网金融服务,电话：
 15995900805 ,万通投资咨询,"常熟大润发,电话："
 18115565789 ,苏州易惠鑫投资管理有限公司,"苏州,电话："
 18896920102 ,苏州永昌投资,"苏州南门商业广场双银星座1栋1105,电话："
 15251803063 ,南京佳友投资有限公司,"建邺兴隆大街地铁站,电话："
 18550010646 ,品上照明,"苏州市工业园区星湖街现代大道东商旅大厦505室,电话："
 15150105567 ,链家,"江苏省苏州市工业园区丽帆巷中海国际四区北门101号,电话："
 13160084046 ,国邦投资管理咨询有限公司,"南京市三山街国邦,电话："
 15924344978 ,杭州锐拓科技有限公司宁波北仑分公司,"宁波北仑明周西路,电话："
 18663306659 ,泰安市卓阳企业管理咨询有限公司,"泰安泰山区长城路,电话："
 13160063951 ,北京瑞鸿天宇投资咨询有限公司,"圃图区圃图路882号,电话："
 15895524585 ,虞星商务信息咨询,电话：
 13390887926 ,苏州远景汇享管理咨询有限公司,"苏州,电话："
 15151456362 ,有限公司,"苏州高新区枫桥路,电话："
 18260434770 ,金掌柜投资,"苏州东环路东环大厦,电话："
 18273775537 ,北京亚特投资,"北京东城王府井,电话："
 15924344978 ,锐拓（杭州）互联网金融信息服务有限公司宁波北仑分公司,"宁波北仑明州西路,电话："
 18951707480 ,南京玖丰堂投资咨询有限公司,"南京秦淮三山街地铁口,电话："
 15562038603 ,弈信邦投资管理,"弈信邦投资管理有限公司,电话："
 18761978518 ,苏州东孝,"狮山路76号华福大厦1206室,电话："
 18662631171 ,南京昊酷贸易有限公司,"南京桥北客运站对面华侨广场,电话："
 15084784123 ,广东智信投资,"湖南省长沙市雨花区,电话："
 13914397573 ,南通鼎丰投资发展有限公司,"南通崇川中南世纪城,电话："
 13583953830 ,期盛投资,"临沂兰山奥斯卡CBD中心大厦,电话："
 18862226503 ,天佑投资,"苏州张家港市石油大厦608室,电话："
 13160060935 ,上海钡思那电子科技有限公司,电话：
 13814807408 ,苏州融汇通,"苏州高新区狮山路狮山峰汇大厦821室,电话："
 18912688642 ,昆山开发区胜之通信息咨询服务中心,"昆山,电话："
 18352401673 ,北京中科三精科技发展有限公司,电话：
 15210753796 ,北京世星环科技发展有限公司,"北京朝阳区南四环中路,电话："
 15576274680 ,弘禄安投资管理,"长沙雨花金领家族749,电话："
 13776152956 ,苏州盛世,电话：
 18151103844 ,苏州速仕达投资管理有限公司,电话：
 13182986983 ,东莞市里洋电器科技有限公司,电话：
 15967154383 ,贵州保利大宗,"杭州拱墅万达广场,电话："
 18080899570 ,四川汇诚融创科技有限公司,"成都武侯区科华北路65号世外桃源A座7楼,电话："
 18112602508 ,中资联,"江苏省苏州市虎丘区狮山路88号,电话："
 13043553336 ,福州诺友商务顾问有限公司,电话：
 18853816890 ,志远文化传媒,"泰安市泰山区迎胜路1号,电话："
 15995793073 ,苏州伍天贸易有限公司,电话：
 18795469120 ,咨询管理,"南京鼓楼区幕府西路金域中央广场,电话："
 17751095678 ,永亨投资,"苏州,电话："
 14747722669 ,迪彩投资有限公司,电话：
 13813084942 ,弘业期货,"南京市中华路50号弘业大厦,电话："
 18301446162 ,上海基创体育投资管理有限公司,"陌壤市陌壤区131号,电话："
 18710316113 ,青岛创富投资咨询有限公司,电话：
 13851775044 ,南京合嘉投资管理有限公司,"南京市河西万达c,电话："
 18550109763 ,苏州俊雅担保有限公司,电话：
 18608923613 ,长沙天和钻具机械有限公司,电话：
 13773213789 ,象联投资,电话：
 15862540622 ,济南鲁水旅行社有限公司,电话：
 18862197826 ,七都房地产,"吴江七都镇环湖路真诚路交叉口,电话："
 13851410004 ,南京五洲投资管理有限公司,"南京市建邺区河西万达,电话："
 15527243009 ,武汉康讯清洁工程有限公司,"图驮图驮优越图驮区280号,电话："
 17895055532 ,苏州我爱我家,"苏州姑苏区平江区,电话："
 13260773576 ,上海琴采贸易有限公司,电话：
 15810520276 ,常州信辉创业投资有限公司,电话：
 18550085943 ,苏州骏辉房地产营销策划有限公司,"苏州市吴中区澄湖路,电话："
 13757017329 ,太力健联赢投资管理,电话：
 15686787429 ,银盛亿达金融服务有限公司,电话：
 17751119727 ,武学堂传媒公司,"苏州市高新区狮山路高新广场,电话："
 18963660212 ,苏州融汇通网络信息服务有限公司,"苏州金阊区干将西路515号佳福国际大厦11楼,电话："
 18853816890 ,泰安市卓阳企业管理咨询有限公司,"泰安泰山区虎山路,电话："
 18914986527 ,天诚房产,"苏州昆山市开发区前进东路888号,电话："
 17751097673 ,北京顶凯投资管理有限公司,"苏州市园区万盛街28号,电话："
 13681730397 ,铠韬投资,电话：
 13260769005 ,青岛必伟金融信息服务有限公司,"青岛市南武昌路1号,电话："
 18352436667 ,融道信业非融资性担保有限公司,"太仓万达写字楼12栋912室,电话："
 15051082253 ,德朗人力,"苏州吴中区迎春南路,电话："
 13764331328 ,汇商投资,电话：
 18550365604 ,苏州我爱我家,"西安市高新区大寨路,电话："
 13162371983 ,东莞市屹琳实业投资有限公司,"低佣万二开户最佳的投资体验最认真负责的服务,电话："
 18256079162 ,苏州双牛资产管理有限公司,"苏州金阊广济南路西城永捷写字楼2008室,电话："
 18625008484 ,苏州我爱我家,"苏州市姑苏区宴香街101号,电话："
 18608923613 ,浙江日高智能机械股份有限公司,电话：
 18136443069 ,苏州蓝诗人电子科技有限公司,"苏州市高新区滨河路香缇商务广场三号楼813室,电话："
 13162754316 ,上海润联投资管理有限公司,电话：
 18936898357 ,南京旺富升投资管理有限公司,"南京市建邺区兴隆大街,电话："
 15950943622 ,张家港卓越投资,"苏州,电话："
 15260870698 ,源开投资管理有限公司,"泉州,电话："
 15021519264 ,德信永泰投资管理,电话：
 13201212852 ,湖北程力置业投资有限公司,"程力置业投资有限公司,电话："
 13236536555 ,佳友财务咨询有限公司,"南京市白下莫愁路,电话："
 13646205380 ,思隽（苏州）信息咨询有限公司,电话：
 18653240555 ,盛世银典投资咨询有限公司,"CBD中央商务区诺德广场B座,电话："
 18550197084 ,苏州融汇通网络信息服务有限公司,"苏州金阊区干将西路515号佳福国际大厦11楼,电话："
 13166477436 ,北京明扬电子商务有限公司,电话：
 400-6920-676 ,安徽顺利发投资管理有限公司,"芜湖市镜湖区镜街99金鼎1302,电话："
 13179613592 ,湖南省南亚大融投资担保有限公司宜昌分公,"长沙地区均可办理,电话："
 18520756256 ,杭州悦阔投资管理有限公司,"悦阔投资管理有限公司,电话："
 13001447993 ,深圳赛腾投资有限公司,"赛腾投资发展有限公司,电话："
 18937198857 ,河南华商民生电子科技有限公司,"郑州高新区莲花街55号,电话："
 18261658616 ,昆山众合投资管理有限公司,"昆山开发区春旭路18号联彩商务中心19楼,电话："
 15895665826 ,杭州丰阁投资管理有限公司,"昆山市玉山镇,电话："
 13179610960 ,苏州尚银非融资性担保有限公司,"昆山昆城国贸一栋,电话："
 13921972341 ,智富汇普投资有限公司,"人民东路9号国泰东方广场4楼402,电话："
 15295673609 ,苏州盈凯福投资咨询有限公司,"苏州市高新区竹园路工业园区财富广场4幢713室,电话："
 18260434333 ,苏州亮峰投资,"苏州园区,电话："
 17306199996 ,苏州耀淏投资管理咨询有限公司,"苏州,电话："
 18251184448 ,苏州北丰投资,"苏州工业园区镇政府斜对面,电话："
 15995706080 ,苏州安心聚投资管理有限公司,"苏州平江万达广场A座17F,电话："
 18260163365 ,安达投资管理,"苏州,电话："
 15995601435 ,弘鑫投资担保有限公司,"昆山百盛广场9楼,电话："
 13825222376 ,贸易,"深圳市福田区深南中路6033号金运世纪6i,电话："
 13510757154 ,深圳航宇众创电子商务有限公司,"民治大道鑫茂花园A3栋3单元,电话："
 18362966645 ,华文金融,"江苏省地区均有分公司,电话："
 13682616972 ,深圳市中航企业管理顾问有限公司,"深圳福田车公庙金运世纪大厦6I,电话："
 15050133432 ,上海友而信市场信息咨询有限公司苏州工业园区分公司,电话：
 18974918883 ,长沙市泰浩投资管理咨询有限公司,"长沙市天心区芙蓉中路144号城市之心0918,电话："
 13655167153 ,昊酷贸易有限公司,"安徽省合肥市周边,电话："
 13861311137 ,新浪不动产,电话：
 18112715111 ,安置居房产,电话：
 13691656262 ,淼宝食品,电话：
 15050120992 ,苏州快帮投资,"全国范围均可办理,电话："
 18047631336 ,东莞市巨印实业投资有限公司,"令含芙微电子工程技术股份有限公司Q座428室,电话："
 18818591006 ,萨尔萨,电话：
 18662255545 ,苏州融汇通投资有限公司,"西环路1638号国际经贸大厦20F,电话："
 18762902086 ,精选投资（昆山）有限公司,电话：
 15850754736 ,南京泽登机电设备有限公司,电话：
 15161480726 ,永利装饰,"天润城十街区18栋109室,电话："
 0512-88607778 ,苏州富汇银,"苏州市高新区广达路9号金马大厦512,电话："
 18512549049 ,长沙开心贷金融信息服务有限公司,"玉笑天大厦83号V座789室,电话："
 13776032377 ,上海太宥恒资产管理有限公司苏州分公司,电话：
 13770678873 ,恒瑞丰投资管理有限公司,"江苏省南京市建邺区宏普捷座,电话："
 15895879044 ,中资联财富投资管理有限公司,"南京建邺奥体中心,电话："
 18678806111 ,平民金融信息咨询服务有限公司,"苏州,电话："
 15895667975 ,昆安投资,"昆山玉山城南昆城国贸,电话："
 18795469120 ,南京祝夏投资管理有限公司,"南京鼓楼区中央路321号利奥大厦,电话："
 13368840245 ,奥瑞投资,电话：
 13918039861 ,上海屹坤,电话：
 18896534111 ,可信投资,"苏州,电话："
 15150544480 ,南京鑫盛投资担保有限公司,"南京市三山街盈嘉大厦,电话："
 15850251093 ,维信融资租赁（苏州）有限公司,电话：
 15895583624 ,苏州市云房源软件服务有限公司,"苏州市区天辰花园门口,电话："
 13771862714 ,昆山金利元投资咨询管理有限公司,"昆山苏州吴江连锁放款,电话："
 13402544999 ,苏州君融投资,"苏州,电话："
 13861335048 ,苏州鼎诚投资,"苏州,电话："
 17051127738 ,长沙市乐水建材有限公司,电话：
 18512505112 ,芜湖市近山环保水泥有限公司,电话：
 18136105678 ,丰龙小额贷款有限公司,"苏州,电话："
 13862079789 ,高大上投资担保,"苏州,电话："
 18852925800 ,友众信业投资有限公司,"苏州市常熟虞山大润发,电话："
 13862008421 ,苏州富洲金融,"滨河路1156号金狮大厦20楼,电话："
 15850356007 ,佳润创富担保有限公司,"昆山市城南枫景苑,电话："
 18125212967 ,浙江大东吴集团建设,"武汉武昌宜山路69,电话："
 15862501812 ,华彩投资,"苏州高新区狮山路金河国际中心816,电话："
 18362966645 ,中融投资咨询,"江苏省范围均可办理,电话："
 18513740038 ,广洪金投资咨询,"苏州市吴中区木渎镇金枫南路9号金枫国际小区,电话："
 18021283680 ,苏州诺信财务咨询有限公司,"苏州吴中区中润中心,电话："
 18362091836 ,南京耀郝迪贸易有限公司,"南京桥北客运站旁,电话："
 15162555777 ,苏州铸盈投资咨询有限公司,"苏州市姑苏区金阊路,电话："
 15295682556 ,苏州盛祥铭投资管理咨询有限公司,"苏州市阊胥路483号工投科技创业园1号楼1317室,电话："
 18115846668 ,添博管理咨询有限公司,"苏州高新区狮山路华福大厦15搂A1室,电话："
 13057652721 ,宁波京浙盛投资管理有限公司,"鄂修真中心886号S座142室,电话："
 18915631666 ,昆山纳贤企业管理有限公司,"昆山柏庐南路999号吉田国际,电话："
 13851743547 ,南京荣耀投资管理有限公司,"盈嘉大厦502室,电话："
 18806205223 ,融信财富,"苏州高新区金河国际大厦2109室,电话："
 15190078139 ,苏州鑫惠融投资管理咨询有限公司,"苏州高新区高新广场,电话："
 18550102511 ,苏州红色旋风文化传媒有限公司,电话：
 13426639927 ,上饶市泰东投资咨询有限公司,"上饶县国际家具城对面,电话："
 18205082597 ,南京荣尊投资管理有限公司,"南京市中山南路369号盈嘉大厦502室,电话："
 13152841012 ,朗铎投资有限公司,电话：
 15088668775 ,深圳思萨投资有限公司,"杭州市庆春路235号西湖国贸中心320室,电话："
 13812823262 ,诚信投资,"常熟市中心街区欧尚,电话："
 18112711777 ,苏州开达投资,"苏州工业园区顺达商业广场,电话："
 18913748439 ,融昇金融,"苏州吴中区迎春南路112号国际科技大厦3幢202室,电话："
 15895414078 ,腾嘉金融,"苏州高新区何山路244号,电话："
 15162441567 ,苏州精速投资咨询服务有限公司,电话：
 15195605082 ,润之峰投资,"上海虹口足球场中山北路63号,电话："
 18726300590 ,远景汇享管理咨询有限公司,"南京市,电话："
 15716216023 ,苏州嘉日昌投资咨询有限公司,"苏州高新区长江路746号508室,电话："
 13862243777 ,昆山华信投资,"昆山尚东国际商务大厦702,电话："
 18038616307 ,金和汇投资有限公司,"佛山市南海区桂城,电话："
 18669599345 ,临沂铠韬投资咨询有限公司,"临沂兰山人民广场,电话："
 13951895280 ,福晚投资管理有限公司,"南京市,电话："
 18118108794 ,铸盈投资,电话：
 15250315116 ,苏州和厚企业管理咨询有限公司,"苏州市相城区嘉元路悦豪大厦703,电话："
 江苏省-苏州 ,温州嘉华环保设备有限公司,电话：
 13812742299 ,瑞融汽车租赁,"武进区湖塘镇华都馨苑,电话："
 15050163777 ,苏州汇金投资,"苏州园区圆融时代广场,电话："
 13906263608 ,江苏国瑞投资发展有限公司,"张家港昆山常熟太仓,电话："
 18626318808 ,瑞轩投资咨询有限公司,"新区哥伦布广场A栋1615室 ,电话："
 15195684555 ,源开投资,"东环服务全苏州大市,电话："
 18851053780 ,南京耀郝迪贸易有限公司,"南京浦口桥北华侨城,电话："
 15850754736 ,勇品实业有限公司,电话：
 15995881400 ,苏州首选贷款,"苏州工业园圆融时代,电话："
 18550110000 ,鸿腾投资有限公司,"苏州,电话："
 18112520359 ,尚庄企业,"万达广场c栋写字楼6楼,电话："
 18550205467 ,上海太宥恒资产管理有限公司苏州分公司,电话：
 13701461513 ,金灿投资咨询有限公司,"南京市,电话："
 13739175414 ,苏州辰正投资管理有限公司,"昆山市现代广场B座1907,电话："
 18789872792 ,深圳市臻成尚品电子科技有限公司,"武汉蔡甸米雷村062号,电话："
 18762880893 ,博隆投资,"苏州高新区滨河路1276号南昌银行306室,电话："
 13771864733 ,金摆渡,"苏州金河国际大厦,电话："
 18351108085 ,象联投资,电话：
 18306215451 ,腾飞投资管理有限公司,"苏州,电话："
 13121334946 ,兴源投资担保,电话：
 13790307559 ,苏州鑫智源非融资性担保有限公司,电话：
 15162441567 ,苏州精速投资咨询服务有限公司,电话：
 15162441567 ,苏州精速投资咨询服务有限公司,电话：
 15121026202 ,苏州万通投资咨询,"苏州市高新区狮山,电话："
 13806266417 ,昆山金汇通投资担保管理有限公司,"昆山开发区珠江北路67号,电话："
 13771854799 ,度尔贷款,"苏州市高新区汇豪国际,电话："
 13125177777 ,苏州旭驰投资咨询有限公司,"昆山市现代广场B座23楼2305,电话："
 18501517669 ,万城投资有限公司,"苏州吴中宝带东路中润中心,电话："
 13655167153 ,昆山美天富科机电,电话：
 18626185576 ,富铭投资,"苏州昆山市环城北路135号华海大厦7楼,电话："
 18351602645 ,尤其投资管理有限公司,电话：
 18662255545 ,武汉吉裕捷投资咨询管理有限公司,"昆山市百盛写字楼,电话："
 13270816787 ,天津方品宜佳商贸有限公司,"浙江省金华市义乌市稠城街道化工路222号,电话："
 18715106193 ,弘业期货苏州营业部,电话：
 18662533792 ,苏州展弘企业管理有限公司,"苏州昆山市玉山城南吉田国际广场2号楼601室,电话："
 13067705060 ,有限责任公司分公司,电话：
 15261810602 ,源开投资管理有限公司,"江苏省南京市秦淮区中山南路三山街地铁口盈嘉大厦,电话："
 18912617595 ,苏州中奕达金融,"狮山路199号新地中心1003A,电话："
 18013591577 ,亿邦贷,"苏州,电话："
 15850754736 ,朝都电气自动化有限公司,"南京浦口桥北华侨广场,电话："
 18251155010 ,天意投资,"江苏省范围均可办理,电话："
 15250981630 ,国安投资,"南京市鼓楼区中山北路30号,电话："
 13122263333 ,苏州张驰投资管理有限公司,"苏州,电话："
 18550085590 ,锐拓互联网金融投资有限公司,"苏州,电话："
 18352401673 ,北京雄富丽贸易有限公司,电话：
 13913052584 ,苏州易信商务信息咨询服务有限公司,"苏州吴江区中山南路上领大厦806,电话："
 17715393777 ,祥融小额贷款有限公司,"苏州,电话："
 13913115194 ,马鞍山宝信投资,"苏州市吴中区天城大厦1107,电话："
 18914055664 ,中腾信金融信息服务（上海）有限公司苏州百世师分公司,"宫巷80号吴商会馆5层8505,电话："
 13122056222 ,上海铠韬投资咨询有限公司,"上海普陀可服务全上海,电话："
 18862315557 ,苏州精速投资咨询服务有限公司,"苏州市姑苏区石路,电话："
 13776088499 ,苏州聚百增投资咨询有限公司,"苏州百匠街18号,电话："
 15850684691 ,弘业期货股份有限公司,"南京市中华路50号弘业大厦8楼8158,电话："
 18013733958 ,鼎盛房产,"吴江松陵鲈乡北路与油车路交叉口,电话："
 18260020622 ,南京信盈投资管理有限公司,"南京市建邺区云锦路188号,电话："
 18796807215 ,苏州源网信息科技有限公司,"苏州平江人民路城北东路南万融国际,电话："
 18362966645 ,海涌贷款,"江苏省地区均有公司,电话："
