tel,name,address
 13145075888 ,苏州邦诚投资,"工业园区扬东路277号晶汇大厦1508室,电话："
 18762897471 ,邦尼投资,"苏州,电话："
 0512-68832799 ,苏州久丰投资管理有限公司,"苏州市人民路3188号万达广场C座1210A,电话："
 13771950551 ,苏州点赞汽车贸易有限公司,"苏州木渎长三角二手市场,电话："
 18762897604 ,禄海宁投资,"苏州,电话："
 18261002232 ,昆山奥鑫科投资咨询有限公司,"昆山,电话："
 13182614510 ,卓越投资,"苏州,电话："
 15151697885 ,邦茂投资咨询,"苏州,电话："
 18362787971 ,寅尚投资,"苏州,电话："
 15150459280 ,苏州全广投资管理有限公司,"苏州园区圆融时代广场,电话："
 15895639562 ,大展投资管理有限公司,"昆山,电话："
 15995601435 ,弘鑫投资担保有限公司,"昆山百盛广场9楼,电话："
 17714092009 ,双利投资咨询,"苏州,电话："
 18796892398 ,太仓昆山阳光易贷有限公司,"太仓长春北路35号,电话："
 18136968163 ,德志投资,"苏州,电话："
 15962284666 ,苏州国瑞投资,"昆山,电话："
 13179610960 ,苏州尚银非融资性担保有限公司,"昆山昆城国贸一栋,电话："
 15295673609 ,苏州盈凯福投资咨询有限公司,"苏州市高新区竹园路工业园区财富广场4幢713室,电话："
 13771862714 ,鑫利园房产投资,"昆山苏州吴江连锁放款,电话："
 15050190065 ,苏州东吴投资,"苏州吴中区吴中人民医院对面新苏国际广场,电话："
 13382127333 ,苏州杰海资产管理有限公司,"苏州昆山市前进西路300号中茵世贸广场写字楼511,电话："
 15151610531 ,江苏裕财投资咨询有限公司,"伟业路18号现代广场A座1408,电话："
 18362600466 ,苏州蓝海财行非融资性担保有限公司,电话：
 15206206008 ,苏州维顺投资咨询有限公司,"苏州,电话："
 13962118551 ,苏州鼎峰投资,"苏州吴中大厦709室,电话："
 18261658616 ,昆山众合投资管理有限公司,"昆山开发区春旭路18号联彩商务中心19楼,电话："
 13218183757 ,融江担保,"苏州,电话："
 15370075859 ,大宏投资,"江苏省范围均可办理,电话："
 18672898259 ,海塔投资咨询,"苏州,电话："
 15962296797 ,秋商投资,"太仓城厢镇,电话："
 18020206161 ,苏州金鑫海非融资性担保有限公司,"昆山,电话："
 18550107377 ,苏州信泰富,"苏州平江区人民路3188号万达广场B座18楼,电话："
 15371872003 ,苏州飞特投资管理有限公司,"苏州南门汽车站对面、汇邻广场商务中心508室,电话："
 18550102511 ,天玑财讯投资,"高新区华福大厦10楼,电话："
 13915523088 ,苏州华兰贝格投资管理,"园区苏华路8号中银惠龙大厦27F,电话："
 15306201212 ,苏州阳企巴巴投资管理有限公司,"苏州市吴中区吴中东路175号天域大厦,电话："
 15306239888 ,江苏聚鼎资产管理有限公司,"苏州吴中区吴中商城,电话："
 15950166209 ,昆山荣达投资,"昆山玉山城北晶钻大厦502,电话："
 18362966645 ,华文金融,"江苏省地区均有分公司,电话："
 15850138284 ,中安信业投资贷款,"苏州高新区金河国际大厦805,电话："
 15190061190 ,杭州众利合融投资咨询有限公司,"苏州市高新区马云路252号,电话："
 15209827787 ,浩轩投资,"江苏省皆有分公司,电话："
 15221166921 ,鸿浦信息,电话：
 13771703884 ,江苏融行智非融资性担保有限公司,"苏州,电话："
 13390887887 ,苏州北城世居不动产投资咨询有限公司,"江苏苏州平江观前干将东路666号和基广场506室,电话："
